,,,Frequences des 20 aa a la surface et aux interfaces,nom
acide_amine,frequence_surface,frequence_interface1,frequence_interface2,1a16
ALA,31,2,1,1a16
CYS,2,2,0,1a16
ASP,19,2,2,1a16
GLU,32,9,1,1a16
PHE,14,1,0,1a16
GLY,29,3,2,1a16
HIS,7,7,0,1a16
ILE,25,2,1,1a16
LYS,12,1,0,1a16
LEU,36,2,1,1a16
MET,9,1,1,1a16
ASN,9,5,2,1a16
PRO,13,3,2,1a16
GLN,15,1,2,1a16
ARG,22,7,4,1a16
SER,16,4,1,1a16
THR,15,4,1,1a16
VAL,32,2,0,1a16
TRP,3,0,1,1a16
TYR,10,7,1,1a16
acide_amine,frequence_surface,frequence_interface1,frequence_interface2,1a4s
ALA,37,7,3,1a4s
CYS,13,1,0,1a4s
ASP,16,3,1,1a4s
GLU,24,4,6,1a4s
PHE,13,5,1,1a4s
GLY,33,7,6,1a4s
HIS,3,1,2,1a4s
ILE,16,3,4,1a4s
LYS,20,5,1,1a4s
LEU,28,7,4,1a4s
MET,10,4,2,1a4s
ASN,14,3,1,1a4s
PRO,21,3,3,1a4s
GLN,13,1,4,1a4s
ARG,11,4,8,1a4s
SER,19,4,3,1a4s
THR,22,7,3,1a4s
VAL,41,8,2,1a4s
TRP,4,0,1,1a4s
TYR,6,5,2,1a4s
acide_amine,frequence_surface,frequence_interface1,frequence_interface2,1b9b
ALA,13,2,0,1b9b
CYS,2,0,1,1b9b
ASP,6,2,1,1b9b
GLU,16,7,6,1b9b
PHE,5,5,2,1b9b
GLY,20,3,1,1b9b
HIS,2,2,0,1b9b
ILE,15,6,0,1b9b
LYS,12,5,2,1b9b
LEU,19,3,1,1b9b
MET,3,2,0,1b9b
ASN,4,2,0,1b9b
PRO,5,2,0,1b9b
GLN,6,2,0,1b9b
ARG,12,1,1,1b9b
SER,8,3,0,1b9b
THR,7,3,0,1b9b
VAL,23,0,1,1b9b
TRP,2,0,0,1b9b
TYR,5,0,1,1b9b
acide_amine,frequence_surface,frequence_interface1,frequence_interface2,1bfd
ALA,52,13,11,1bfd
CYS,5,1,0,1bfd
ASP,19,4,7,1bfd
GLU,16,3,4,1bfd
PHE,10,5,0,1bfd
GLY,23,12,3,1bfd
HIS,5,2,5,1bfd
ILE,20,2,3,1bfd
LYS,8,2,2,1bfd
LEU,33,13,4,1bfd
MET,8,2,3,1bfd
ASN,17,6,2,1bfd
PRO,27,5,7,1bfd
GLN,15,4,2,1bfd
ARG,15,2,6,1bfd
SER,21,5,7,1bfd
THR,18,2,0,1bfd
VAL,31,3,5,1bfd
TRP,4,2,1,1bfd
TYR,6,8,2,1bfd
acide_amine,frequence_surface,frequence_interface1,frequence_interface2,1dq8
ALA,21,16,7,1dq8
CYS,6,6,3,1dq8
ASP,8,2,1,1dq8
GLU,19,4,6,1dq8
PHE,7,0,0,1dq8
GLY,22,13,3,1dq8
HIS,4,1,1,1dq8
ILE,19,3,6,1dq8
LYS,13,5,1,1dq8
LEU,23,11,3,1dq8
MET,11,3,1,1dq8
ASN,8,10,2,1dq8
PRO,10,7,2,1dq8
GLN,7,8,0,1dq8
ARG,15,2,4,1dq8
SER,14,8,7,1dq8
THR,16,4,1,1dq8
VAL,17,10,2,1dq8
TRP,1,0,1,1dq8
TYR,3,5,4,1dq8
acide_amine,frequence_surface,frequence_interface1,frequence_interface2,1eyi
ALA,21,6,2,1eyi
CYS,5,1,0,1eyi
ASP,15,2,2,1eyi
GLU,14,2,3,1eyi
PHE,5,3,1,1eyi
GLY,20,5,2,1eyi
HIS,2,2,0,1eyi
ILE,16,6,2,1eyi
LYS,20,4,2,1eyi
LEU,23,2,3,1eyi
MET,6,2,1,1eyi
ASN,9,3,3,1eyi
PRO,11,2,2,1eyi
GLN,5,0,1,1eyi
ARG,6,3,4,1eyi
SER,11,5,3,1eyi
THR,11,1,7,1eyi
VAL,22,5,2,1eyi
TRP,0,0,0,1eyi
TYR,8,7,0,1eyi
acide_amine,frequence_surface,frequence_interface1,frequence_interface2,1f8f
ALA,33,2,2,1f8f
CYS,6,1,3,1f8f
ASP,16,1,1,1f8f
GLU,13,0,4,1f8f
PHE,10,4,1,1f8f
GLY,30,6,3,1f8f
HIS,6,0,0,1f8f
ILE,24,2,2,1f8f
LYS,16,2,5,1f8f
LEU,26,7,1,1f8f
MET,1,0,0,1f8f
ASN,8,2,3,1f8f
PRO,13,2,2,1f8f
GLN,13,3,1,1f8f
ARG,5,0,2,1f8f
SER,14,1,4,1f8f
THR,12,3,5,1f8f
VAL,25,6,2,1f8f
TRP,1,0,0,1f8f
TYR,4,2,1,1f8f
acide_amine,frequence_surface,frequence_interface1,frequence_interface2,1f8w
ALA,29,10,1,1f8w
CYS,0,1,0,1f8w
ASP,23,6,1,1f8w
GLU,33,4,0,1f8w
PHE,9,8,0,1f8w
GLY,26,4,1,1f8w
HIS,3,1,0,1f8w
ILE,24,3,1,1f8w
LYS,25,7,3,1f8w
LEU,25,10,0,1f8w
MET,8,4,0,1f8w
ASN,15,7,1,1f8w
PRO,12,5,1,1f8w
GLN,11,4,1,1f8w
ARG,8,3,1,1f8w
SER,11,5,0,1f8w
THR,23,3,1,1f8w
VAL,38,4,2,1f8w
TRP,4,1,0,1f8w
TYR,11,4,1,1f8w
acide_amine,frequence_surface,frequence_interface1,frequence_interface2,1fo6
ALA,18,3,4,1fo6
CYS,5,0,0,1fo6
ASP,10,1,1,1fo6
GLU,20,3,2,1fo6
PHE,12,4,1,1fo6
GLY,21,5,2,1fo6
HIS,3,7,3,1fo6
ILE,9,3,3,1fo6
LYS,9,2,0,1fo6
LEU,18,5,4,1fo6
MET,6,1,2,1fo6
ASN,4,4,1,1fo6
PRO,10,5,2,1fo6
GLN,5,4,1,1fo6
ARG,14,3,2,1fo6
SER,6,1,2,1fo6
THR,9,1,7,1fo6
VAL,16,2,2,1fo6
TRP,2,1,1,1fo6
TYR,8,2,0,1fo6
acide_amine,frequence_surface,frequence_interface1,frequence_interface2,1inl
ALA,11,2,2,1inl
CYS,3,0,0,1inl
ASP,12,3,4,1inl
GLU,20,1,4,1inl
PHE,13,6,2,1inl
GLY,12,4,3,1inl
HIS,5,0,1,1inl
ILE,17,1,1,1inl
LYS,17,4,1,1inl
LEU,13,5,5,1inl
MET,4,4,1,1inl
ASN,4,5,1,1inl
PRO,8,3,1,1inl
GLN,3,0,3,1inl
ARG,8,0,5,1inl
SER,7,2,2,1inl
THR,8,4,1,1inl
VAL,15,4,1,1inl
TRP,1,1,1,1inl
TYR,8,4,4,1inl
acide_amine,frequence_surface,frequence_interface1,frequence_interface2,1j2r
ALA,20,3,2,1j2r
CYS,2,0,0,1j2r
ASP,6,1,2,1j2r
GLU,8,2,3,1j2r
PHE,3,2,0,1j2r
GLY,9,2,2,1j2r
HIS,3,1,0,1j2r
ILE,11,3,0,1j2r
LYS,5,0,1,1j2r
LEU,13,1,4,1j2r
MET,1,0,0,1j2r
ASN,6,4,0,1j2r
PRO,6,3,0,1j2r
GLN,3,2,2,1j2r
ARG,3,4,4,1j2r
SER,4,5,1,1j2r
THR,8,0,1,1j2r
VAL,12,2,0,1j2r
TRP,2,1,2,1j2r
TYR,1,1,1,1j2r
acide_amine,frequence_surface,frequence_interface1,frequence_interface2,1lk5
ALA,15,2,3,1lk5
CYS,1,0,0,1lk5
ASP,16,1,3,1lk5
GLU,17,3,0,1lk5
PHE,6,0,1,1lk5
GLY,11,1,5,1lk5
HIS,1,0,0,1lk5
ILE,19,8,3,1lk5
LYS,14,1,3,1lk5
LEU,16,1,2,1lk5
MET,5,1,1,1lk5
ASN,5,2,2,1lk5
PRO,6,2,2,1lk5
GLN,1,0,3,1lk5
ARG,5,1,2,1lk5
SER,2,0,3,1lk5
THR,4,3,2,1lk5
VAL,14,3,2,1lk5
TRP,0,0,1,1lk5
TYR,2,1,1,1lk5
acide_amine,frequence_surface,frequence_interface1,frequence_interface2,1m3k
ALA,55,10,0,1m3k
CYS,3,1,0,1m3k
ASP,14,4,2,1m3k
GLU,17,3,0,1m3k
PHE,7,1,2,1m3k
GLY,36,10,3,1m3k
HIS,4,1,1,1m3k
ILE,19,3,2,1m3k
LYS,13,2,3,1m3k
LEU,21,3,2,1m3k
MET,6,7,3,1m3k
ASN,10,3,1,1m3k
PRO,9,5,0,1m3k
GLN,8,6,0,1m3k
ARG,14,3,2,1m3k
SER,19,1,0,1m3k
THR,13,5,0,1m3k
VAL,23,3,1,1m3k
TRP,3,2,0,1m3k
TYR,3,0,0,1m3k
acide_amine,frequence_surface,frequence_interface1,frequence_interface2,1m41
ALA,30,5,1,1m41
CYS,0,1,0,1m41
ASP,10,3,2,1m41
GLU,17,1,5,1m41
PHE,10,2,0,1m41
GLY,23,4,2,1m41
HIS,6,3,1,1m41
ILE,11,1,3,1m41
LYS,6,1,0,1m41
LEU,30,6,4,1m41
MET,1,1,0,1m41
ASN,7,0,0,1m41
PRO,15,0,6,1m41
GLN,9,2,5,1m41
ARG,13,5,4,1m41
SER,12,3,1,1m41
THR,10,5,0,1m41
VAL,19,4,2,1m41
TRP,5,1,0,1m41
TYR,7,0,3,1m41
acide_amine,frequence_surface,frequence_interface1,frequence_interface2,1non
ALA,8,3,2,1non
CYS,1,0,0,1non
ASP,6,4,1,1non
GLU,9,1,3,1non
PHE,3,0,0,1non
GLY,8,1,2,1non
HIS,1,1,1,1non
ILE,12,2,2,1non
LYS,3,0,2,1non
LEU,11,3,0,1non
MET,2,2,0,1non
ASN,3,0,0,1non
PRO,3,2,1,1non
GLN,3,1,1,1non
ARG,7,8,3,1non
SER,5,0,0,1non
THR,6,0,1,1non
VAL,20,1,0,1non
TRP,0,0,0,1non
TYR,2,0,0,1non
acide_amine,frequence_surface,frequence_interface1,frequence_interface2,1qsm
ALA,5,2,0,1qsm
CYS,0,1,0,1qsm
ASP,8,7,0,1qsm
GLU,7,0,1,1qsm
PHE,4,6,0,1qsm
GLY,7,2,0,1qsm
HIS,0,1,1,1qsm
ILE,7,1,1,1qsm
LYS,6,7,1,1qsm
LEU,6,2,1,1qsm
MET,1,2,0,1qsm
ASN,4,4,1,1qsm
PRO,1,3,0,1qsm
GLN,2,1,1,1qsm
ARG,3,2,1,1qsm
SER,6,1,1,1qsm
THR,3,3,0,1qsm
VAL,7,3,1,1qsm
TRP,1,4,0,1qsm
TYR,1,8,1,1qsm
acide_amine,frequence_surface,frequence_interface1,frequence_interface2,1rli
ALA,10,0,1,1rli
CYS,1,0,0,1rli
ASP,8,2,1,1rli
GLU,3,0,2,1rli
PHE,6,3,1,1rli
GLY,12,2,1,1rli
HIS,2,1,2,1rli
ILE,11,2,2,1rli
LYS,4,1,4,1rli
LEU,8,3,3,1rli
MET,1,3,0,1rli
ASN,3,0,1,1rli
PRO,5,0,1,1rli
GLN,5,2,2,1rli
ARG,6,2,1,1rli
SER,6,2,1,1rli
THR,4,1,0,1rli
VAL,7,0,0,1rli
TRP,0,2,0,1rli
TYR,3,1,1,1rli
acide_amine,frequence_surface,frequence_interface1,frequence_interface2,1t2a
ALA,14,4,3,1t2a
CYS,4,0,1,1t2a
ASP,12,1,4,1t2a
GLU,25,1,1,1t2a
PHE,10,2,3,1t2a
GLY,20,0,4,1t2a
HIS,9,0,1,1t2a
ILE,15,1,1,1t2a
LYS,21,1,2,1t2a
LEU,27,2,1,1t2a
MET,5,0,0,1t2a
ASN,13,1,3,1t2a
PRO,5,4,0,1t2a
GLN,7,0,2,1t2a
ARG,12,2,4,1t2a
SER,11,1,5,1t2a
THR,13,1,6,1t2a
VAL,28,2,1,1t2a
TRP,4,1,0,1t2a
TYR,12,3,2,1t2a
acide_amine,frequence_surface,frequence_interface1,frequence_interface2,1ub3
ALA,25,4,9,1ub3
CYS,1,0,1,1ub3
ASP,9,0,0,1ub3
GLU,12,4,2,1ub3
PHE,3,3,0,1ub3
GLY,16,2,1,1ub3
HIS,3,1,0,1ub3
ILE,6,0,0,1ub3
LYS,6,2,1,1ub3
LEU,18,5,2,1ub3
MET,2,0,0,1ub3
ASN,0,0,0,1ub3
PRO,3,5,1,1ub3
GLN,2,1,1,1ub3
ARG,13,1,2,1ub3
SER,6,1,0,1ub3
THR,7,2,0,1ub3
VAL,15,4,1,1ub3
TRP,0,1,0,1ub3
TYR,3,4,0,1ub3
acide_amine,frequence_surface,frequence_interface1,frequence_interface2,3mds
ALA,16,1,2,3mds
CYS,0,0,0,3mds
ASP,7,1,1,3mds
GLU,12,1,1,3mds
PHE,6,1,2,3mds
GLY,14,2,1,3mds
HIS,6,3,2,3mds
ILE,6,1,0,3mds
LYS,11,2,1,3mds
LEU,18,1,4,3mds
MET,3,0,0,3mds
ASN,5,5,0,3mds
PRO,12,0,1,3mds
GLN,6,2,1,3mds
ARG,3,2,1,3mds
SER,2,1,0,3mds
THR,6,1,0,3mds
VAL,11,0,2,3mds
TRP,5,1,0,3mds
TYR,6,3,1,3mds
acide_amine,frequence_surface,frequence_interface1,frequence_interface2,3pgm
ALA,16,0,1,3pgm
CYS,0,0,0,3pgm
ASP,9,4,2,3pgm
GLU,13,2,1,3pgm
PHE,6,0,0,3pgm
GLY,14,0,0,3pgm
HIS,4,0,0,3pgm
ILE,9,2,0,3pgm
LYS,15,4,2,3pgm
LEU,21,4,2,3pgm
MET,1,0,0,3pgm
ASN,6,3,2,3pgm
PRO,12,1,2,3pgm
GLN,6,1,1,3pgm
ARG,7,4,1,3pgm
SER,13,1,1,3pgm
THR,6,2,0,3pgm
VAL,13,1,2,3pgm
TRP,2,1,2,3pgm
TYR,5,1,2,3pgm
