,,Frequences des 20 aa a la surface et a l interface,nom
acide_amine,frequence_surface,frequence_interface,1a3c
ALA,11,1,1a3c
CYS,1,0,1a3c
ASP,11,4,1a3c
GLU,10,2,1a3c
PHE,0,0,1a3c
GLY,8,2,1a3c
HIS,2,0,1a3c
ILE,17,2,1a3c
LYS,9,0,1a3c
LEU,12,3,1a3c
MET,2,1,1a3c
ASN,5,1,1a3c
PRO,4,2,1a3c
GLN,6,1,1a3c
ARG,9,5,1a3c
SER,2,2,1a3c
THR,7,1,1a3c
VAL,16,2,1a3c
TRP,0,0,1a3c
TYR,5,0,1a3c
acide_amine,frequence_surface,frequence_interface,1ad3
ALA,24,10,1ad3
CYS,5,2,1ad3
ASP,18,7,1ad3
GLU,22,7,1ad3
PHE,9,4,1ad3
GLY,20,10,1ad3
HIS,6,5,1ad3
ILE,26,3,1ad3
LYS,21,8,1ad3
LEU,26,11,1ad3
MET,8,3,1ad3
ASN,13,5,1ad3
PRO,16,7,1ad3
GLN,20,1,1ad3
ARG,11,8,1ad3
SER,22,8,1ad3
THR,14,9,1ad3
VAL,28,9,1ad3
TRP,3,2,1ad3
TYR,11,4,1ad3
acide_amine,frequence_surface,frequence_interface,1afw
ALA,35,8,1afw
CYS,7,1,1afw
ASP,14,3,1afw
GLU,18,6,1afw
PHE,12,2,1afw
GLY,29,7,1afw
HIS,3,0,1afw
ILE,30,2,1afw
LYS,18,5,1afw
LEU,30,5,1afw
MET,4,2,1afw
ASN,18,10,1afw
PRO,15,4,1afw
GLN,11,3,1afw
ARG,14,2,1afw
SER,17,3,1afw
THR,10,5,1afw
VAL,19,9,1afw
TRP,0,0,1afw
TYR,5,4,1afw
acide_amine,frequence_surface,frequence_interface,1bo4
ALA,14,5,1bo4
CYS,1,0,1bo4
ASP,8,2,1bo4
GLU,4,2,1bo4
PHE,1,4,1bo4
GLY,11,0,1bo4
HIS,2,1,1bo4
ILE,8,0,1bo4
LYS,3,2,1bo4
LEU,11,5,1bo4
MET,0,1,1bo4
ASN,3,0,1bo4
PRO,1,4,1bo4
GLN,5,2,1bo4
ARG,7,1,1bo4
SER,6,0,1bo4
THR,3,2,1bo4
VAL,8,1,1bo4
TRP,0,0,1bo4
TYR,1,8,1bo4
acide_amine,frequence_surface,frequence_interface,1db3
ALA,25,2,1db3
CYS,2,0,1db3
ASP,14,1,1db3
GLU,26,3,1db3
PHE,11,1,1db3
GLY,26,0,1db3
HIS,9,0,1db3
ILE,15,1,1db3
LYS,19,0,1db3
LEU,28,2,1db3
MET,9,1,1db3
ASN,7,1,1db3
PRO,12,3,1db3
GLN,13,0,1db3
ARG,16,2,1db3
SER,16,2,1db3
THR,19,1,1db3
VAL,24,2,1db3
TRP,3,1,1db3
TYR,14,4,1db3
acide_amine,frequence_surface,frequence_interface,1dk4
ALA,14,0,1dk4
CYS,3,0,1dk4
ASP,19,0,1dk4
GLU,17,2,1dk4
PHE,12,4,1dk4
GLY,13,4,1dk4
HIS,0,0,1dk4
ILE,24,2,1dk4
LYS,22,4,1dk4
LEU,16,4,1dk4
MET,3,0,1dk4
ASN,13,4,1dk4
PRO,6,2,1dk4
GLN,0,0,1dk4
ARG,3,5,1dk4
SER,15,0,1dk4
THR,6,2,1dk4
VAL,16,2,1dk4
TRP,2,0,1dk4
TYR,10,3,1dk4
acide_amine,frequence_surface,frequence_interface,1e3i
ALA,29,2,1e3i
CYS,20,0,1e3i
ASP,19,3,1e3i
GLU,16,1,1e3i
PHE,14,2,1e3i
GLY,29,5,1e3i
HIS,3,0,1e3i
ILE,25,3,1e3i
LYS,25,4,1e3i
LEU,22,7,1e3i
MET,3,1,1e3i
ASN,10,3,1e3i
PRO,17,2,1e3i
GLN,7,0,1e3i
ARG,11,1,1e3i
SER,21,2,1e3i
THR,22,5,1e3i
VAL,28,5,1e3i
TRP,2,1,1e3i
TYR,5,1,1e3i
acide_amine,frequence_surface,frequence_interface,1e58
ALA,22,1,1e58
CYS,0,0,1e58
ASP,9,4,1e58
GLU,25,1,1e58
PHE,6,0,1e58
GLY,15,0,1e58
HIS,4,1,1e58
ILE,8,1,1e58
LYS,18,3,1e58
LEU,25,3,1e58
MET,2,0,1e58
ASN,11,1,1e58
PRO,9,2,1e58
GLN,5,1,1e58
ARG,12,1,1e58
SER,10,1,1e58
THR,11,0,1e58
VAL,14,2,1e58
TRP,5,2,1e58
TYR,12,0,1e58
acide_amine,frequence_surface,frequence_interface,1f89
ALA,20,0,1f89
CYS,3,0,1f89
ASP,11,1,1f89
GLU,16,2,1f89
PHE,11,2,1f89
GLY,12,2,1f89
HIS,4,3,1f89
ILE,19,0,1f89
LYS,19,2,1f89
LEU,16,6,1f89
MET,5,1,1f89
ASN,10,0,1f89
PRO,12,4,1f89
GLN,9,1,1f89
ARG,6,7,1f89
SER,22,2,1f89
THR,13,1,1f89
VAL,15,3,1f89
TRP,1,0,1f89
TYR,9,1,1f89
acide_amine,frequence_surface,frequence_interface,1gv3
ALA,10,2,1gv3
CYS,0,0,1gv3
ASP,10,1,1gv3
GLU,12,1,1gv3
PHE,6,1,1gv3
GLY,16,2,1gv3
HIS,5,3,1gv3
ILE,11,0,1gv3
LYS,6,1,1gv3
LEU,14,2,1gv3
MET,4,0,1gv3
ASN,17,5,1gv3
PRO,13,0,1gv3
GLN,12,2,1gv3
ARG,10,2,1gv3
SER,10,1,1gv3
THR,8,1,1gv3
VAL,11,0,1gv3
TRP,6,1,1gv3
TYR,5,3,1gv3
acide_amine,frequence_surface,frequence_interface,1jsc
ALA,47,5,1jsc
CYS,1,1,1jsc
ASP,24,5,1jsc
GLU,27,3,1jsc
PHE,17,3,1jsc
GLY,41,7,1jsc
HIS,8,4,1jsc
ILE,32,1,1jsc
LYS,33,4,1jsc
LEU,34,6,1jsc
MET,14,3,1jsc
ASN,20,4,1jsc
PRO,27,5,1jsc
GLN,18,4,1jsc
ARG,14,3,1jsc
SER,22,6,1jsc
THR,30,7,1jsc
VAL,43,4,1jsc
TRP,6,0,1jsc
TYR,6,2,1jsc
acide_amine,frequence_surface,frequence_interface,1lvl
ALA,40,18,1lvl
CYS,7,2,1lvl
ASP,13,2,1lvl
GLU,22,7,1lvl
PHE,4,5,1lvl
GLY,47,5,1lvl
HIS,7,8,1lvl
ILE,19,8,1lvl
LYS,14,3,1lvl
LEU,41,10,1lvl
MET,5,3,1lvl
ASN,7,1,1lvl
PRO,16,4,1lvl
GLN,17,6,1lvl
ARG,16,6,1lvl
SER,15,8,1lvl
THR,16,3,1lvl
VAL,36,8,1lvl
TRP,3,1,1lvl
TYR,4,1,1lvl
acide_amine,frequence_surface,frequence_interface,1m0s
ALA,17,6,1m0s
CYS,2,0,1m0s
ASP,11,1,1m0s
GLU,15,0,1m0s
PHE,6,0,1m0s
GLY,20,1,1m0s
HIS,1,0,1m0s
ILE,16,2,1m0s
LYS,14,2,1m0s
LEU,15,2,1m0s
MET,4,1,1m0s
ASN,6,6,1m0s
PRO,6,1,1m0s
GLN,7,1,1m0s
ARG,4,3,1m0s
SER,9,3,1m0s
THR,6,1,1m0s
VAL,22,5,1m0s
TRP,0,0,1m0s
TYR,3,0,1m0s
acide_amine,frequence_surface,frequence_interface,1mjf
ALA,11,3,1mjf
CYS,0,0,1mjf
ASP,18,1,1mjf
GLU,18,4,1mjf
PHE,9,5,1mjf
GLY,17,4,1mjf
HIS,6,0,1mjf
ILE,17,3,1mjf
LYS,21,2,1mjf
LEU,20,5,1mjf
MET,5,2,1mjf
ASN,6,0,1mjf
PRO,6,5,1mjf
GLN,5,2,1mjf
ARG,9,2,1mjf
SER,6,3,1mjf
THR,10,1,1mjf
VAL,21,3,1mjf
TRP,1,1,1mjf
TYR,10,9,1mjf
acide_amine,frequence_surface,frequence_interface,1nf9
ALA,22,5,1nf9
CYS,2,1,1nf9
ASP,9,3,1nf9
GLU,11,2,1nf9
PHE,3,3,1nf9
GLY,9,2,1nf9
HIS,2,3,1nf9
ILE,4,2,1nf9
LYS,1,1,1nf9
LEU,19,5,1nf9
MET,5,2,1nf9
ASN,1,2,1nf9
PRO,11,2,1nf9
GLN,9,1,1nf9
ARG,13,5,1nf9
SER,8,3,1nf9
THR,8,0,1nf9
VAL,14,2,1nf9
TRP,3,2,1nf9
TYR,4,3,1nf9
acide_amine,frequence_surface,frequence_interface,1pv9
ALA,18,5,1pv9
CYS,1,0,1pv9
ASP,14,4,1pv9
GLU,37,6,1pv9
PHE,6,3,1pv9
GLY,22,3,1pv9
HIS,3,3,1pv9
ILE,34,3,1pv9
LYS,24,8,1pv9
LEU,18,4,1pv9
MET,5,3,1pv9
ASN,9,0,1pv9
PRO,8,3,1pv9
GLN,3,0,1pv9
ARG,13,2,1pv9
SER,11,4,1pv9
THR,15,2,1pv9
VAL,24,2,1pv9
TRP,1,0,1pv9
TYR,13,3,1pv9
acide_amine,frequence_surface,frequence_interface,1qax
ALA,41,23,1qax
CYS,1,1,1qax
ASP,15,8,1qax
GLU,12,8,1qax
PHE,2,5,1qax
GLY,28,9,1qax
HIS,5,8,1qax
ILE,16,8,1qax
LYS,7,2,1qax
LEU,34,15,1qax
MET,6,7,1qax
ASN,13,7,1qax
PRO,10,7,1qax
GLN,14,3,1qax
ARG,19,10,1qax
SER,11,6,1qax
THR,14,5,1qax
VAL,23,12,1qax
TRP,1,2,1qax
TYR,3,4,1qax
acide_amine,frequence_surface,frequence_interface,1tvl
ALA,34,2,1tvl
CYS,0,0,1tvl
ASP,14,4,1tvl
GLU,29,4,1tvl
PHE,17,10,1tvl
GLY,28,4,1tvl
HIS,7,5,1tvl
ILE,20,8,1tvl
LYS,14,5,1tvl
LEU,19,8,1tvl
MET,3,1,1tvl
ASN,12,4,1tvl
PRO,12,6,1tvl
GLN,11,4,1tvl
ARG,18,5,1tvl
SER,19,8,1tvl
THR,19,5,1tvl
VAL,15,4,1tvl
TRP,3,2,1tvl
TYR,6,1,1tvl
acide_amine,frequence_surface,frequence_interface,1x77
ALA,23,1,1x77
CYS,0,0,1x77
ASP,6,2,1x77
GLU,8,1,1x77
PHE,6,1,1x77
GLY,11,2,1x77
HIS,1,1,1x77
ILE,8,3,1x77
LYS,4,1,1x77
LEU,18,3,1x77
MET,2,1,1x77
ASN,3,3,1x77
PRO,11,1,1x77
GLN,11,1,1x77
ARG,9,1,1x77
SER,9,4,1x77
THR,2,1,1x77
VAL,7,1,1x77
TRP,1,0,1x77
TYR,2,4,1x77
acide_amine,frequence_surface,frequence_interface,2btm
ALA,25,5,2btm
CYS,4,0,2btm
ASP,9,3,2btm
GLU,17,2,2btm
PHE,5,4,2btm
GLY,19,4,2btm
HIS,3,2,2btm
ILE,14,2,2btm
LYS,9,2,2btm
LEU,14,5,2btm
MET,1,3,2btm
ASN,4,2,2btm
PRO,10,2,2btm
GLN,11,3,2btm
ARG,9,2,2btm
SER,12,1,2btm
THR,9,3,2btm
VAL,22,3,2btm
TRP,2,0,2btm
TYR,3,1,2btm
acide_amine,frequence_surface,frequence_interface,3r12
ALA,18,4,3r12
CYS,4,1,3r12
ASP,11,1,3r12
GLU,24,5,3r12
PHE,5,4,3r12
GLY,20,3,3r12
HIS,4,1,3r12
ILE,18,0,3r12
LYS,19,2,3r12
LEU,8,2,3r12
MET,6,1,3r12
ASN,2,3,3r12
PRO,1,4,3r12
GLN,1,0,3r12
ARG,10,1,3r12
SER,9,1,3r12
THR,10,4,3r12
VAL,25,4,3r12
TRP,2,0,3r12
TYR,6,3,3r12
