,,,,,Fréquence des résidus hydrophobes (HP) polaires (POL) et chargés (CHG) à la surface et à l interface,nom
HP_surface,POL_surface,CHG_surface,HP_interface,POL_interface,CHG_interface,1a3c
11,8,10,1,2,2,1a3c
HP_surface,POL_surface,CHG_surface,HP_interface,POL_interface,CHG_interface,1ad3
24,20,22,10,10,7,1ad3
HP_surface,POL_surface,CHG_surface,HP_interface,POL_interface,CHG_interface,1afw
35,29,18,8,7,6,1afw
HP_surface,POL_surface,CHG_surface,HP_interface,POL_interface,CHG_interface,1bo4
14,11,4,5,0,2,1bo4
HP_surface,POL_surface,CHG_surface,HP_interface,POL_interface,CHG_interface,1db3
25,26,26,2,0,3,1db3
HP_surface,POL_surface,CHG_surface,HP_interface,POL_interface,CHG_interface,1dk4
14,13,17,0,4,2,1dk4
HP_surface,POL_surface,CHG_surface,HP_interface,POL_interface,CHG_interface,1e3i
29,29,16,2,5,1,1e3i
HP_surface,POL_surface,CHG_surface,HP_interface,POL_interface,CHG_interface,1e58
22,15,25,1,0,1,1e58
HP_surface,POL_surface,CHG_surface,HP_interface,POL_interface,CHG_interface,1f89
20,12,16,0,2,2,1f89
HP_surface,POL_surface,CHG_surface,HP_interface,POL_interface,CHG_interface,1gv3
10,16,12,2,2,1,1gv3
HP_surface,POL_surface,CHG_surface,HP_interface,POL_interface,CHG_interface,1jsc
47,41,27,5,7,3,1jsc
HP_surface,POL_surface,CHG_surface,HP_interface,POL_interface,CHG_interface,1lvl
40,47,22,18,5,7,1lvl
HP_surface,POL_surface,CHG_surface,HP_interface,POL_interface,CHG_interface,1m0s
17,20,15,6,1,0,1m0s
HP_surface,POL_surface,CHG_surface,HP_interface,POL_interface,CHG_interface,1mjf
11,17,18,3,4,4,1mjf
HP_surface,POL_surface,CHG_surface,HP_interface,POL_interface,CHG_interface,1nf9
22,9,11,5,2,2,1nf9
HP_surface,POL_surface,CHG_surface,HP_interface,POL_interface,CHG_interface,1pv9
18,22,37,5,3,6,1pv9
HP_surface,POL_surface,CHG_surface,HP_interface,POL_interface,CHG_interface,1qax
41,28,12,23,9,8,1qax
HP_surface,POL_surface,CHG_surface,HP_interface,POL_interface,CHG_interface,1tvl
34,28,29,2,4,4,1tvl
HP_surface,POL_surface,CHG_surface,HP_interface,POL_interface,CHG_interface,1x77
23,11,8,1,2,1,1x77
HP_surface,POL_surface,CHG_surface,HP_interface,POL_interface,CHG_interface,2btm
25,19,17,5,4,2,2btm
HP_surface,POL_surface,CHG_surface,HP_interface,POL_interface,CHG_interface,3r12
18,20,24,4,3,5,3r12
